INSERT INTO `City` (`CityName`, `CityPosition`) VALUES
    ('Stockholm', '59.334591, 18.063240'),
    ('Gothenburg', '57.708870, 11.974560'),
    ('Malmö', '55.60587, 13.00073');

INSERT INTO `ActivityType` (`ActivityTypeDesc`) VALUES
    ('Parked'),
    ('Maintenance'),
    ('Charging'),
    ('In use'),
    ('Free Parking');

INSERT INTO `StationType` (`StationTypeDesc`) VALUES
    ('Parking'),
    ('Charging');

INSERT INTO `PaymentType` (`PaymentTypeDesc`) VALUES
    ('Card'),
    ('Swish');

INSERT INTO `Station` (`StationName`, `Location`, `ScooterCapacity`, `ScooterOccupancy`, `StationType`, `CityID`) VALUES
    ('Central Station', '59.3293,18.0686', 10, 5, 1, 1),
    ('Sergels Torg', '59.3346,18.0635', 10, 8, 2, 1),
    ('Gamla Stan', '59.3258,18.0719', 10, 4, 1, 1),
    ('Södermalm', '59.3154,18.0675', 10, 6, 2, 1),
    ('Vasastan', '59.3470,18.0487', 10, 7, 1, 1),
    ('Djurgården', '59.3250,18.0999', 10, 3, 2, 1),
    ('Kungsholmen', '59.3315,18.0281', 10, 9, 1, 1),
    ('Östermalm', '59.3423,18.0896', 10, 2, 2, 1),
    ('Hornstull', '59.3147,18.0340', 10, 5, 1, 1),
    ('Vällingby', '59.3634,17.8703', 10, 8, 2, 1),
    ('Central Station', '57.7089,11.9746', 10, 6, 1, 2),
    ('Avenyn', '57.7018,11.9730', 10, 4, 2, 2),
    ('Liseberg', '57.6964,11.9834', 10, 7, 1, 2),
    ('Hisingen', '57.7162,11.8970', 10, 3, 2, 2),
    ('Majorna', '57.6923,11.9382', 10, 8, 1, 2),
    ('Haga', '57.6993,11.9582', 10, 5, 2, 2),
    ('Eriksberg', '57.7076,11.9643', 10, 9, 1, 2),
    ('Gamlestaden', '57.7088,12.0164', 10, 2, 2, 2),
    ('Partille', '57.7278,12.1236', 10, 7, 1, 2),
    ('Mölndal', '57.6513,12.0091', 10, 4, 2, 2),
    ('Central Station', '55.6044,13.0033', 10, 5, 1, 3),
    ('Triangeln', '55.5934,13.0039', 10, 8, 2, 3),
    ('Möllevångstorget', '55.5922,13.0035', 10, 3, 1, 3),
    ('Västra Hamnen', '55.6066,12.9888', 10, 7, 2, 3),
    ('Emporia', '55.5482,12.9782', 10, 6, 1, 3),
    ('Folkets Park', '55.5875,13.0095', 10, 4, 2, 3),
    ('Södervärn', '55.5911,13.0055', 10, 9, 1, 3),
    ('Rosengård', '55.6102,13.0286', 10, 2, 2, 3),
    ('Limhamn', '55.5765,12.9725', 10, 6, 1, 3),
    ('Hyllie', '55.5485,12.9756', 10, 8, 2, 3);

INSERT INTO `Scooter` (`Status`, `Location`, `Speed`, `Battery`, `StationID`) VALUES
    ('Parked',  '59.3293, 18.0686', 0, 61, 1),
    ('Parked',  '59.3293, 18.0686', 0, 55, 1),
    ('Parked',  '59.3293, 18.0686', 0, 18, 1),
    ('Parked',  '59.3293, 18.0686', 0, 45, 1),
    ('Parked',  '59.3293, 18.0686', 0, 41, 1),
    ('Charging',  '59.3346, 18.0635', 0, 30, 2),
    ('Charging',  '59.3346, 18.0635', 0, 2, 2),
    ('Charging',  '59.3346, 18.0635', 0, 85, 2),
    ('Charging',  '59.3346, 18.0635', 0, 7, 2),
    ('Charging',  '59.3346, 18.0635', 0, 22, 2),
    ('Charging',  '59.3346, 18.0635', 0, 21, 2),
    ('Charging',  '59.3346, 18.0635', 0, 48, 2),
    ('Charging',  '59.3346, 18.0635', 0, 66, 2),
    ('Parked',  '59.3258, 18.0719', 0, 60, 3),
    ('Parked',  '59.3258, 18.0719', 0, 37, 3),
    ('Parked',  '59.3258, 18.0719', 0, 73, 3),
    ('Parked',  '59.3258, 18.0719', 0, 33, 3),
    ('Charging',  '59.3154, 18.0675', 0, 58, 4),
    ('Charging',  '59.3154, 18.0675', 0, 82, 4),
    ('Charging',  '59.3154, 18.0675', 0, 35, 4),
    ('Charging',  '59.3154, 18.0675', 0, 47, 4),
    ('Charging',  '59.3154, 18.0675', 0, 36, 4),
    ('Charging',  '59.3154, 18.0675', 0, 5, 4),
    ('Parked',  '59.3470, 18.0487', 0, 49, 5),
    ('Parked',  '59.3470, 18.0487', 0, 33, 5),
    ('Parked',  '59.3470, 18.0487', 0, 26, 5),
    ('Parked',  '59.3470, 18.0487', 0, 96, 5),
    ('Parked',  '59.3470, 18.0487', 0, 21, 5),
    ('Parked',  '59.3470, 18.0487', 0, 49, 5),
    ('Parked',  '59.3470, 18.0487', 0, 32, 5),
    ('Charging',  '59.3250, 18.0999', 0, 17, 6),
    ('Charging',  '59.3250, 18.0999', 0, 5, 6),
    ('Charging',  '59.3250, 18.0999', 0, 64, 6),
    ('Parked',  '59.3315, 18.0281', 0, 81, 7),
    ('Parked',  '59.3315, 18.0281', 0, 97, 7),
    ('Parked',  '59.3315, 18.0281', 0, 9, 7),
    ('Parked',  '59.3315, 18.0281', 0, 49, 7),
    ('Parked',  '59.3315, 18.0281', 0, 59, 7),
    ('Parked',  '59.3315, 18.0281', 0, 12, 7),
    ('Parked',  '59.3315, 18.0281', 0, 87, 7),
    ('Parked',  '59.3315, 18.0281', 0, 60, 7),
    ('Parked',  '59.3315, 18.0281', 0, 63, 7),
    ('Charging',  '59.3423, 18.0896', 0, 9, 8),
    ('Charging',  '59.3423, 18.0896', 0, 63, 8),
    ('Parked',  '59.3147, 18.0340', 0, 15, 9),
    ('Parked',  '59.3147, 18.0340', 0, 72, 9),
    ('Parked',  '59.3147, 18.0340', 0, 83, 9),
    ('Parked',  '59.3147, 18.0340', 0, 30, 9),
    ('Parked',  '59.3147, 18.0340', 0, 64, 9),
    ('Charging',  '59.3634, 17.8703', 0, 7, 10),
    ('Charging',  '59.3634, 17.8703', 0, 45, 10),
    ('Charging',  '59.3634, 17.8703', 0, 48, 10),
    ('Charging',  '59.3634, 17.8703', 0, 57, 10),
    ('Charging',  '59.3634, 17.8703', 0, 81, 10),
    ('Charging',  '59.3634, 17.8703', 0, 62, 10),
    ('Charging',  '59.3634, 17.8703', 0, 26, 10),
    ('Charging',  '59.3634, 17.8703', 0, 20, 10),
    ('Parked',  '57.7089, 11.9746', 0, 18, 11),
    ('Parked',  '57.7089, 11.9746', 0, 24, 11),
    ('Parked',  '57.7089, 11.9746', 0, 9, 11),
    ('Parked',  '57.7089, 11.9746', 0, 35, 11),
    ('Parked',  '57.7089, 11.9746', 0, 18, 11),
    ('Parked',  '57.7089, 11.9746', 0, 80, 11),
    ('Charging',  '57.7018, 11.9730', 0, 17, 12),
    ('Charging',  '57.7018, 11.9730', 0, 44, 12),
    ('Charging',  '57.7018, 11.9730', 0, 19, 12),
    ('Charging',  '57.7018, 11.9730', 0, 79, 12),
    ('Parked',  '57.6964, 11.9834', 0, 25, 13),
    ('Parked',  '57.6964, 11.9834', 0, 89, 13),
    ('Parked',  '57.6964, 11.9834', 0, 60, 13),
    ('Parked',  '57.6964, 11.9834', 0, 2, 13),
    ('Parked',  '57.6964, 11.9834', 0, 3, 13),
    ('Parked',  '57.6964, 11.9834', 0, 6, 13),
    ('Parked',  '57.6964, 11.9834', 0, 67, 13),
    ('Charging',  '57.7162, 11.8970', 0, 16, 14),
    ('Charging',  '57.7162, 11.8970', 0, 35, 14),
    ('Charging',  '57.7162, 11.8970', 0, 52, 14),
    ('Parked',  '57.6923, 11.9382', 0, 42, 15),
    ('Parked',  '57.6923, 11.9382', 0, 7, 15),
    ('Parked',  '57.6923, 11.9382', 0, 36, 15),
    ('Parked',  '57.6923, 11.9382', 0, 61, 15),
    ('Parked',  '57.6923, 11.9382', 0, 32, 15),
    ('Parked',  '57.6923, 11.9382', 0, 92, 15),
    ('Parked',  '57.6923, 11.9382', 0, 79, 15),
    ('Parked',  '57.6923, 11.9382', 0, 51, 15),
    ('Charging',  '57.6993, 11.9582', 0, 39, 16),
    ('Charging',  '57.6993, 11.9582', 0, 80, 16),
    ('Charging',  '57.6993, 11.9582', 0, 37, 16),
    ('Charging',  '57.6993, 11.9582', 0, 69, 16),
    ('Charging',  '57.6993, 11.9582', 0, 13, 16),
    ('Parked',  '57.7076, 11.9643', 0, 59, 17),
    ('Parked',  '57.7076, 11.9643', 0, 12, 17),
    ('Parked',  '57.7076, 11.9643', 0, 15, 17),
    ('Parked',  '57.7076, 11.9643', 0, 93, 17),
    ('Parked',  '57.7076, 11.9643', 0, 33, 17),
    ('Parked',  '57.7076, 11.9643', 0, 95, 17),
    ('Parked',  '57.7076, 11.9643', 0, 63, 17),
    ('Parked',  '57.7076, 11.9643', 0, 42, 17),
    ('Parked',  '57.7076, 11.9643', 0, 0, 17),
    ('Charging',  '57.7088, 12.0164', 0, 57, 18),
    ('Charging',  '57.7088, 12.0164', 0, 8, 18),
    ('Parked',  '57.7278, 12.1236', 0, 59, 19),
    ('Parked',  '57.7278, 12.1236', 0, 13, 19),
    ('Parked',  '57.7278, 12.1236', 0, 47, 19),
    ('Parked',  '57.7278, 12.1236', 0, 60, 19),
    ('Parked',  '57.7278, 12.1236', 0, 3, 19),
    ('Parked',  '57.7278, 12.1236', 0, 47, 19),
    ('Parked',  '57.7278, 12.1236', 0, 95, 19),
    ('Charging',  '57.6513, 12.0091', 0, 75, 20),
    ('Charging',  '57.6513, 12.0091', 0, 92, 20),
    ('Charging',  '57.6513, 12.0091', 0, 26, 20),
    ('Charging',  '57.6513, 12.0091', 0, 11, 20),
    ('Parked',  '55.6044, 13.0033', 0, 64, 21),
    ('Parked',  '55.6044, 13.0033', 0, 36, 21),
    ('Parked',  '55.6044, 13.0033', 0, 2, 21),
    ('Parked',  '55.6044, 13.0033', 0, 24, 21),
    ('Parked',  '55.6044, 13.0033', 0, 72, 21),
    ('Charging',  '55.5934, 13.0039', 0, 27, 22),
    ('Charging',  '55.5934, 13.0039', 0, 85, 22),
    ('Charging',  '55.5934, 13.0039', 0, 72, 22),
    ('Charging',  '55.5934, 13.0039', 0, 63, 22),
    ('Charging',  '55.5934, 13.0039', 0, 18, 22),
    ('Charging',  '55.5934, 13.0039', 0, 54, 22),
    ('Charging',  '55.5934, 13.0039', 0, 32, 22),
    ('Charging',  '55.5934, 13.0039', 0, 42, 22),
    ('Parked',  '55.5922, 13.0035', 0, 59, 23),
    ('Parked',  '55.5922, 13.0035', 0, 68, 23),
    ('Parked',  '55.5922, 13.0035', 0, 30, 23),
    ('Charging',  '55.6066, 12.9888', 0, 10, 24),
    ('Charging',  '55.6066, 12.9888', 0, 72, 24),
    ('Charging',  '55.6066, 12.9888', 0, 96, 24),
    ('Charging',  '55.6066, 12.9888', 0, 12, 24),
    ('Charging',  '55.6066, 12.9888', 0, 31, 24),
    ('Charging',  '55.6066, 12.9888', 0, 1, 24),
    ('Charging',  '55.6066, 12.9888', 0, 82, 24),
    ('Parked',  '55.5482, 12.9782', 0, 97, 25),
    ('Parked',  '55.5482, 12.9782', 0, 24, 25),
    ('Parked',  '55.5482, 12.9782', 0, 41, 25),
    ('Parked',  '55.5482, 12.9782', 0, 89, 25),
    ('Parked',  '55.5482, 12.9782', 0, 3, 25),
    ('Parked',  '55.5482, 12.9782', 0, 90, 25),
    ('Charging',  '55.5875, 13.0095', 0, 28, 26),
    ('Charging',  '55.5875, 13.0095', 0, 11, 26),
    ('Charging',  '55.5875, 13.0095', 0, 71, 26),
    ('Charging',  '55.5875, 13.0095', 0, 85, 26),
    ('Parked',  '55.5911, 13.0055', 0, 39, 27),
    ('Parked',  '55.5911, 13.0055', 0, 14, 27),
    ('Parked',  '55.5911, 13.0055', 0, 44, 27),
    ('Parked',  '55.5911, 13.0055', 0, 70, 27),
    ('Parked',  '55.5911, 13.0055', 0, 45, 27),
    ('Parked',  '55.5911, 13.0055', 0, 32, 27),
    ('Parked',  '55.5911, 13.0055', 0, 37, 27),
    ('Parked',  '55.5911, 13.0055', 0, 85, 27),
    ('Parked',  '55.5911, 13.0055', 0, 19, 27),
    ('Charging',  '55.6102, 13.0286', 0, 20, 28),
    ('Charging',  '55.6102, 13.0286', 0, 23, 28),
    ('Parked',  '55.5765, 12.9725', 0, 84, 29),
    ('Parked',  '55.5765, 12.9725', 0, 7, 29),
    ('Parked',  '55.5765, 12.9725', 0, 99, 29),
    ('Parked',  '55.5765, 12.9725', 0, 79, 29),
    ('Parked',  '55.5765, 12.9725', 0, 69, 29),
    ('Parked',  '55.5765, 12.9725', 0, 72, 29),
    ('Charging',  '55.5485, 12.9756', 0, 89, 30),
    ('Charging',  '55.5485, 12.9756', 0, 42, 30),
    ('Charging',  '55.5485, 12.9756', 0, 58, 30),
    ('Charging',  '55.5485, 12.9756', 0, 89, 30),
    ('Charging',  '55.5485, 12.9756', 0, 61, 30),
    ('Charging',  '55.5485, 12.9756', 0, 82, 30),
    ('Charging',  '55.5485, 12.9756', 0, 100, 30),
    ('Charging',  '55.5485, 12.9756', 0, 18, 30),
    ('Free Parking', '59.3312, 18.0715', 0, 44, null),
    ('Free Parking', '59.3278, 18.0729', 0, 35, null),
    ('Free Parking', '59.3346, 18.0657', 0, 68, null),
    ('Free Parking', '59.3289, 18.0698', 0, 36, null),
    ('Free Parking', '59.3321, 18.0634', 0, 40, null),
    ('Free Parking', '59.3305, 18.0772', 0, 78, null),
    ('Free Parking', '59.3267, 18.0743', 0, 79, null),
    ('Free Parking', '59.3298, 18.0689', 0, 32, null),
    ('In Use', '59.3335, 18.0756', 0, 30, null),
    ('Free Parking', '59.3274, 18.0718', 0, 99, null),
    ('Free Parking', '59.3318, 18.0673', 0, 0, null),
    ('Free Parking', '59.3283, 18.0761', 0, 58, null),
    ('Free Parking', '59.3328, 18.0696', 0, 42, null),
    ('In Use', '59.3297, 18.0724', 0, 33, null),
    ('Free Parking', '59.3342, 18.0665', 0, 7, null),
    ('Free Parking', '59.3276, 18.0759', 0, 86, null),
    ('Free Parking', '59.3310, 18.0642', 0, 54, null),
    ('Free Parking', '59.3302, 18.0737', 0, 70, null),
    ('In Use', '59.3264, 18.0676', 0, 44, null),
    ('Free Parking', '59.3331, 18.0710', 0, 47, null),
    ('Free Parking', '59.3285, 18.0785', 0, 65, null),
    ('Free Parking', '59.3323, 18.0681', 0, 15, null),
    ('Free Parking', '59.3291, 18.0660', 0, 7, null),
    ('In Use', '59.3349, 18.0749', 0, 84, null),
    ('Free Parking', '59.3269, 18.0703', 0, 40, null),
    ('Free Parking', '59.3315, 18.0650', 0, 78, null),
    ('Free Parking', '59.3272, 18.0778', 0, 74, null),
    ('Free Parking', '59.3307, 18.0711', 0, 62, null),
    ('In Use', '59.3339, 18.0679', 0, 18, null),
    ('Free Parking', '59.3280, 18.0730', 0, 78, null),
    ('Free Parking', '59.3326, 18.0668', 0, 38, null),
    ('Free Parking', '59.3294, 18.0752', 0, 80, null),
    ('Free Parking', '59.3258, 18.0691', 0, 30, null),
    ('In Use', '59.3313, 18.0638', 0, 10, null),
    ('Free Parking', '59.3279, 18.0765', 0, 18, null),
    ('Free Parking', '59.3347, 18.0722', 0, 75, null),
    ('Free Parking', '59.3290, 18.0679', 0, 40, null),
    ('Free Parking', '59.3322, 18.0626', 0, 0, null),
    ('In Use', '59.3306, 18.0768', 0, 58, null),
    ('Free Parking', '59.3268, 18.0722', 0, 39, null),
    ('Free Parking', '59.3299, 18.0664', 0, 55, null),
    ('Free Parking', '59.3336, 18.0735', 0, 32, null),
    ('Free Parking', '59.3275, 18.0707', 0, 30, null),
    ('In Use', '57.7089, 11.9746', 0, 74, null),
    ('Free Parking', '57.7072, 11.9722', 0, 18, null),
    ('Free Parking', '57.7105, 11.9711', 0, 19, null),
    ('Free Parking', '57.7048, 11.9803', 0, 94, null),
    ('Free Parking', '57.7123, 11.9678', 0, 62, null),
    ('In Use', '57.7056, 11.9765', 0, 63, null),
    ('Free Parking', '57.7118, 11.9660', 0, 54, null),
    ('Free Parking', '57.7091, 11.9689', 0, 7, null),
    ('Free Parking', '57.7067, 11.9790', 0, 59, null),
    ('Free Parking', '57.7083, 11.9651', 0, 90, null),
    ('In Use', '57.7102, 11.9741', 0, 63, null),
    ('Free Parking', '57.7075, 11.9768', 0, 52, null),
    ('Free Parking', '57.7120, 11.9698', 0, 64, null),
    ('Free Parking', '57.7052, 11.9782', 0, 1, null),
    ('Free Parking', '57.7112, 11.9706', 0, 58, null),
    ('In Use', '57.7097, 11.9760', 0, 36, null),
    ('Free Parking', '57.7069, 11.9726', 0, 15, null),
    ('Free Parking', '57.7107, 11.9718', 0, 33, null),
    ('Free Parking', '57.7045, 11.9748', 0, 34, null),
    ('Free Parking', '57.7115, 11.9728', 0, 39, null),
    ('In Use', '57.7080, 11.9775', 0, 24, null),
    ('Free Parking', '57.7059, 11.9737', 0, 17, null),
    ('Free Parking', '57.7093, 11.9753', 0, 60, null),
    ('Free Parking', '57.7121, 11.9761', 0, 71, null),
    ('Free Parking', '57.7063, 11.9693', 0, 65, null),
    ('In Use', '57.7109, 11.9767', 0, 78, null),
    ('Free Parking', '57.7079, 11.9740', 0, 94, null),
    ('Free Parking', '57.7101, 11.9772', 0, 51, null),
    ('Free Parking', '57.7073, 11.9680', 0, 79, null),
    ('Free Parking', '57.7088, 11.9703', 0, 83, null),
    ('In Use', '57.7114, 11.9756', 0, 21, null),
    ('Free Parking', '57.7065, 11.9778', 0, 66, null),
    ('Free Parking', '57.7098, 11.9724', 0, 63, null),
    ('Free Parking', '57.7124, 11.9750', 0, 17, null),
    ('Free Parking', '57.7058, 11.9715', 0, 20, null),
    ('In Use', '57.7106, 11.9731', 0, 25, null),
    ('Free Parking', '57.7085, 11.9764', 0, 4, null),
    ('Free Parking', '57.7061, 11.9750', 0, 20, null),
    ('Free Parking', '57.7111, 11.9685', 0, 49, null),
    ('Free Parking', '57.7096, 11.9709', 0, 3, null),
    ('In Use', '57.7076, 11.9785', 0, 75, null),
    ('Free Parking', '57.7047, 11.9729', 0, 44, null),
    ('Free Parking', '57.7122, 11.9738', 0, 55, null),
    ('Free Parking', '55.6089,  13.0016', 0, 59, null),
    ('Free Parking', '55.6062,  12.9987', 0, 61, null),
    ('In Use', '55.6105,  13.0034', 0, 66, null),
    ('Free Parking', '55.6038,  13.0092', 0, 58, null),
    ('Free Parking', '55.6123,  12.9951', 0, 77, null),
    ('Free Parking', '55.6046,  13.0058', 0, 29, null),
    ('Free Parking', '55.6118,  12.9942', 0, 2, null),
    ('In Use', '55.6091,  12.9971', 0, 3, null),
    ('Free Parking', '55.6067,  13.0082', 0, 38, null),
    ('Free Parking', '55.6083,  12.9931', 0, 60, null),
    ('Free Parking', '55.6102,  13.0021', 0, 91, null),
    ('Free Parking', '55.6075,  13.0048', 0, 74, null),
    ('In Use', '55.6120,  12.9958', 0, 69, null),
    ('Free Parking', '55.6052,  13.0072', 0, 77, null),
    ('Free Parking', '55.6112,  13.0009', 0, 92, null),
    ('Free Parking', '55.6097,  13.0063', 0, 52, null),
    ('Free Parking', '55.6069,  13.0029', 0, 76, null),
    ('In Use', '55.6107,  13.0021', 0, 56, null),
    ('Free Parking', '55.6045,  13.0011', 0, 2, null),
    ('Free Parking', '55.6115,  13.0033', 0, 5, null),
    ('Free Parking', '55.6080,  13.0080', 0, 4, null),
    ('Free Parking', '55.6059,  13.0041', 0, 48, null),
    ('In Use', '55.6093,  13.0057', 0, 63, null),
    ('Free Parking', '55.6121,  13.0061', 0, 33, null),
    ('Free Parking', '55.6063,  12.9984', 0, 71, null),
    ('Free Parking', '55.6109,  13.0067', 0, 8, null),
    ('Free Parking', '55.6079,  13.0040', 0, 95, null),
    ('In Use', '55.6101,  13.0072', 0, 60, null),
    ('Free Parking', '55.6073,  12.9973', 0, 76, null),
    ('Free Parking', '55.6088,  12.9996', 0, 30, null),
    ('Free Parking', '55.6114,  13.0065', 0, 15, null),
    ('Free Parking', '55.6066,  13.0078', 0, 72, null),
    ('In Use', '55.6099,  13.0015', 0, 42, null),
    ('Free Parking', '55.6084,  13.0051', 0, 16, null),
    ('Free Parking', '55.6060,  13.0030', 0, 42, null),
    ('Free Parking', '55.6110,  12.9975', 0, 79, null),
    ('Free Parking', '55.6095,  12.9999', 0, 54, null),
    ('In Use', '55.6075,  13.0085', 0, 17, null),
    ('Free Parking', '55.6046,  12.9989', 0, 94, null),
    ('Free Parking', '55.6122,  13.0018', 0, 30, null),
    ('Free Parking', '55.6071, 13.0064', 0, 54, null),
    ('Free Parking', '55.6117, 12.9983', 0, 17, null),
    ('In Use', '57.7094, 11.9743', 0, 94, null),
    ('Free Parking', '57.7053, 11.9764', 0, 30, null);

INSERT INTO `PermittedZone` (`ZoneName`, `ZoneArea`, `CityID`) VALUES
    ('Södermalm', '{"type": "Polygon", "coordinates": [[[18.06046, 59.31189], [18.07034, 59.31675], [18.07557, 59.31547], [18.08274, 59.31471], [18.08477, 59.31442], [18.08464, 59.31395], [18.07935, 59.31317], [18.07546, 59.31159], [18.07467, 59.30953], [18.06046, 59.31189]]}', 1),
    ('Kungsholmen', '{"type": "Polygon", "coordinates": [[[17.98997, 59.32822], [18.01151, 59.32878], [18.01523, 59.32894], [18.01674, 59.32952], [18.02122, 59.32963], [18.02862, 59.32945], [18.02757, 59.32751], [18.02801, 59.32719], [18.02363, 59.32609], [18.01322, 59.32756], [17.98997, 59.32822]]}', 1),
    ('Gamla Stan', '{"type": "Polygon", "coordinates": [[[18.07084, 59.32533], [18.07799, 59.32429], [18.07975, 59.32512], [18.07975, 59.32611], [18.08183, 59.32633], [18.08432, 59.32591], [18.08425, 59.32532], [18.08362, 59.32457], [18.07923, 59.32438], [18.07885, 59.325], [18.075, 59.32532], [18.07439, 59.32511], [18.07189, 59.325], [18.07117, 59.32532], [18.07084, 59.32533]]}', 1);

INSERT INTO `User` (`FirstName`, `LastName`, `Password`, `Email`, `AccountBalance`, `PaymentType`) VALUES
    ('Elsa', 'Andersson', 'pass123', 'elsa.andersson@email.com', 1500.00, 1),
    ('Oscar', 'Berggren', 'password456', 'oscar.berggren@email.com', 2000.50, 2),
    ('Anna', 'Carlsson', 'securepass', 'anna.carlsson@email.com', 1200.75, 1),
    ('David', 'Dahl', 'davidpass', 'david.dahl@email.com', 800.00, 2),
    ('Sofia', 'Ek', 'sofia123', 'sofia.ek@email.com', 3000.25, 1),
    ('Gustav', 'Forsberg', 'gustavpass', 'gustav.forsberg@email.com', 1500.50, 2),
    ('Emma', 'Gustavsson', 'emmasecure', 'emma.gustavsson@email.com', 1800.75, 1),
    ('Liam', 'Holm', 'liampass', 'liam.holm@email.com', 2200.00, 2),
    ('Maja', 'Isaksson', 'majapass123', 'maja.isaksson@email.com', 1700.25, 1),
    ('Lucas', 'Johansson', 'lucassecure', 'lucas.johansson@email.com', 1300.50, 2),
    ('Ella', 'Karlsson', 'ellapass', 'ella.karlsson@email.com', 1900.75, 1),
    ('Oskar', 'Lundqvist', 'oskarpass', 'oskar.lundqvist@email.com', 2500.00, 2),
    ('Sara', 'Molin', 'sara123', 'sara.molin@email.com', 1400.25, 1),
    ('Alexander', 'Nilsson', 'alexpass', 'alexander.nilsson@email.com', 1600.50, 2),
    ('Alicia', 'Olofsson', 'aliciapass', 'alicia.olofsson@email.com', 2000.75, 1),
    ('Oliver', 'Persson', 'oliverpass123', 'oliver.persson@email.com', 1200.00, 2),
    ('Nora', 'Qvist', 'norapass', 'nora.qvist@email.com', 2800.25, 1),
    ('Charlie', 'Rosén', 'charlie123', 'charlie.rosen@email.com', 1100.50, 2),
    ('Wilma', 'Sjöberg', 'wilmasecure', 'wilma.sjoberg@email.com', 2400.75, 1),
    ('William', 'Tornqvist', 'williampass', 'william.tornqvist@email.com', 1700.00, 2),
    ('Evelina', 'Ullman', 'evelinapass', 'evelina.ullman@email.com', 1900.25, 1),
    ('Adam', 'Viklund', 'adampass', 'adam.viklund@email.com', 2100.50, 2),
    ('Hanna', 'Wallin', 'hannapass123', 'hanna.wallin@email.com', 1300.75, 1),
    ('Max', 'Xander', 'maxpass', 'max.xander@email.com', 2600.00, 2),
    ('Linnea', 'Yngvesson', 'linneasecure', 'linnea.yngvesson@email.com', 1500.25, 1);

INSERT INTO `RentalLog` (`Active`,`ScooterID`, `UserID`, `StartTime`, `EndTime`, `StartStation`, `EndStation`, `Cost`, `Paid`) VALUES
    (1, 179, 1, '2023-12-05T13:45:00', NULL, 15, NULL, 10.00, 0),
    (1, 184, 2, '2023-12-06T10:30:00', NULL, 28, NULL, 10.00, 0),
    (1, 189, 3, '2023-12-07T15:20:00', NULL, 3, NULL, 10.00, 0),
    (1, 194, 4, '2023-12-08T12:15:00', NULL, 11, NULL, 10.00, 0),
    (1, 199, 5, '2023-12-09T09:45:00', NULL, 24, NULL, 10.00, 0),
    (1, 204, 6, '2023-12-05T17:10:00', NULL, 7, NULL, 10.00, 0),
    (1, 209, 7, '2023-12-06T14:05:00', NULL, 29, NULL, 10.00, 0),
    (1, 214, 8, '2023-12-07T11:30:00', NULL, 16, NULL, 10.00, 0),
    (1, 219, 9, '2023-12-08T16:40:00', NULL, 2, NULL, 10.00, 0),
    (1, 224, 10, '2023-12-09T13:25:00', NULL, 26, NULL, 10.00, 0),
    (1, 229, 11, '2023-12-05T19:55:00', NULL, 9, NULL, 10.00, 0),
    (1, 234, 12, '2023-12-06T16:50:00', NULL, 21, NULL, 10.00, 0),
    (1, 239, 13, '2023-12-07T14:15:00', NULL, 13, NULL, 10.00, 0),
    (1, 244, 14, '2023-12-08T19:25:00', NULL, 30, NULL, 10.00, 0),
    (1, 249, 15, '2023-12-09T16:10:00', NULL, 1, NULL, 10.00, 0),
    (1, 254, 16, '2023-12-05T22:30:00', NULL, 19, NULL, 10.00, 0),
    (1, 259, 17, '2023-12-06T19:20:00', NULL, 4, NULL, 10.00, 0),
    (1, 264, 18, '2023-12-07T17:45:00', NULL, 8, NULL, 10.00, 0),
    (1, 269, 19, '2023-12-08T23:00:00', NULL, 17, NULL, 10.00, 0),
    (1, 274, 20, '2023-12-09T20:35:00', NULL, 25, NULL, 10.00, 0),
    (1, 279, 21, '2023-12-05T11:10:00', NULL, 23, NULL, 10.00, 0),
    (1, 284, 22, '2023-12-06T07:55:00', NULL, 12, NULL, 10.00, 0),
    (1, 289, 23, '2023-12-07T05:20:00', NULL, 27, NULL, 10.00, 0),
    (1, 294, 24, '2023-12-08T10:30:00', NULL, 20, NULL, 10.00, 0),
    (1, 299, 25, '2023-12-09T08:15:00', NULL, 6, NULL, 10.00, 0),
    (0, 201, 1, '2022-12-04T14:30:00', '2022-12-04T15:15:00', 10, 15, 25.50, 1),
    (0, 105, 2, '2022-11-15T10:45:00', '2022-11-15T11:30:00', 5, 11, 33.75, 1),
    (0, 66, 3, '2022-10-23T16:20:00', '2022-10-23T17:10:00', 28, 9, 12.25, 1),
    (0, 124, 4, '2022-09-05T12:15:00', '2022-09-05T12:45:00', 14, 30, 18.50, 1),
    (0, 288, 5, '2022-08-19T09:30:00', '2022-08-19T10:15:00', 3, 26, 40.00, 1),
    (0, 173, 6, '2022-07-25T17:45:00', '2022-07-25T18:30:00', 11, 18, 8.75, 1),
    (0, 112, 7, '2022-06-30T14:05:00', '2022-06-30T15:00:00', 9, 24, 22.40, 1),
    (0, 45, 8, '2022-05-14T11:30:00', '2022-05-14T12:15:00', 30, 7, 15.20, 1),
    (0, 255, 9, '2022-04-18T16:40:00', '2022-04-18T17:30:00', 17, 13, 30.75, 1),
    (0, 199, 10, '2022-03-27T13:25:00', '2022-03-27T13:55:00', 25, 16, 5.50, 1),
    (0, 99, 11, '2022-02-19T19:55:00', '2022-02-19T20:40:00', 8, 21, 17.25, 1),
    (0, 177, 12, '2022-01-11T16:50:00', '2022-01-11T17:35:00', 22, 26, 28.90, 1),
    (0, 63, 13, '2021-12-07T14:15:00', '2021-12-07T14:50:00', 16, 2, 7.80, 1),
    (0, 148, 14, '2021-11-23T19:25:00', '2021-11-23T20:10:00', 30, 29, 45.60, 1),
    (0, 274, 15, '2021-10-01T16:10:00', '2021-10-01T17:05:00', 1, 1, 12.90, 1),
    (0, 33, 16, '2021-09-09T22:30:00', '2021-09-09T23:15:00', 19, 23, 36.75, 1),
    (0, 155, 17, '2021-08-06T19:20:00', '2021-08-06T20:05:00', 4, 8, 8.00, 1),
    (0, 221, 18, '2021-07-10T17:45:00', '2021-07-10T18:30:00', 8, 12, 14.50, 1),
    (0, 78, 19, '2021-06-01T23:00:00', '2021-06-01T23:45:00', 17, 27, 20.75, 1),
    (0, 299, 20, '2021-05-20T20:35:00', '2021-05-20T21:20:00', 25, 5, 3.90, 1),
    (0, 128, 21, '2021-04-02T11:10:00', '2021-04-02T11:55:00', 23, 19, 11.20, 1),
    (0, 75, 22, '2021-03-07T07:55:00', '2021-03-07T08:40:00', 12, 10, 26.50, 1),
    (0, 187, 23, '2021-02-10T05:20:00', '2021-02-10T06:15:00', 27, 14, 19.75, 1),
    (0, 289, 24, '2021-01-15T10:30:00', '2021-01-15T11:15:00', 20, 22, 14.60, 1),
    (0, 46, 25, '2020-12-20T08:15:00', '2020-12-20T09:00:00', 6, 30, 23.40, 1),
    (0, 112, 1, '2020-11-28T13:45:00', '2020-11-28T14:30:00', 29, 7, 37.20, 1),
    (0, 257, 2, '2020-10-05T10:00:00', '2020-10-05T10:45:00', 14, 14, 9.30, 1),
    (0, 134, 3, '2020-09-13T15:15:00', '2020-09-13T16:00:00', 22, 26, 31.80, 1),
    (0, 88, 4, '2020-08-21T18:30:00', '2020-08-21T19:15:00', 6, 5, 45.25, 1),
    (0, 201, 5, '2020-07-29T16:45:00', '2020-07-29T17:30:00', 25, 18, 21.00, 1);

INSERT INTO `CostStructure` (`CostDesc`, `CostAmount`) VALUES
    ('Fixed', 10.00),
    ('Time-based', 3.00),
    ('Fine', 10.00),
    ('Discount', -5.00);